{
    "GAT_256_16_1": {
        "accs": [
            0.11846627295017242,
            0.11723726242780685,
            0.12480095773935318
        ],
        "loss": [
            2.300015449523926,
            2.299077033996582,
            2.2971127033233643
        ]
    },
    "GAT_256_2_1": {
        "accs": [
            0.9334838390350342,
            0.9315286874771118,
            0.9160031676292419
        ],
        "loss": [
            0.20713591575622559,
            0.21392405033111572,
            0.25132888555526733
        ]
    },
    "GAT_256_4_1": {
        "accs": [
            0.967391312122345,
            0.9682523608207703,
            0.9476512670516968
        ],
        "loss": [
            0.10058584809303284,
            0.10105226933956146,
            0.1825772225856781
        ]
    },
    "GAT_256_4_16": {
        "accs": [
            0.9959638714790344,
            0.9953224658966064,
            0.9778065085411072
        ],
        "loss": [
            0.02494165115058422,
            0.022941352799534798,
            0.134249746799469
        ]
    },
    "GAT_256_4_2": {
        "accs": [
            0.9749839901924133,
            0.9760151505470276,
            0.959792971611023
        ],
        "loss": [
            0.07791551947593689,
            0.0790281891822815,
            0.15600049495697021
        ]
    },
    "GAT_256_4_4": {
        "accs": [
            0.9953844547271729,
            0.9943272471427917,
            0.9757165312767029
        ],
        "loss": [
            0.025729408487677574,
            0.027294311672449112,
            0.16868819296360016
        ]
    },
    "GAT_256_4_8": {
        "accs": [
            0.9952245950698853,
            0.9946258068084717,
            0.9766122698783875
        ],
        "loss": [
            0.029246527701616287,
            0.03403795138001442,
            0.15437805652618408
        ]
    },
    "GAT_256_8_1": {
        "accs": [
            0.5238370895385742,
            0.5181130766868591,
            0.5153264403343201
        ],
        "loss": [
            1.341321587562561,
            1.3525166511535645,
            1.340454339981079
        ]
    },
    "GCN_1024_4_1": {
        "accs": [
            0.9279691576957703,
            0.9238654375076294,
            0.8982881903648376
        ],
        "loss": [
            0.21742436289787292,
            0.22931134700775146,
            0.34386056661605835
        ]
    },
    "GCN_128_4_1": {
        "accs": [
            0.9062699675559998,
            0.9004777073860168,
            0.8866441249847412
        ],
        "loss": [
            0.2808937430381775,
            0.29108282923698425,
            0.35151219367980957
        ]
    },
    "GCN_256_16_1": {
        "accs": [
            0.8969589471817017,
            0.8936106562614441,
            0.8825637102127075
        ],
        "loss": [
            0.3135528564453125,
            0.33126047253608704,
            0.3635043501853943
        ]
    },
    "GCN_256_2_1": {
        "accs": [
            0.882332980632782,
            0.8776870965957642,
            0.8707205653190613
        ],
        "loss": [
            0.3501812815666199,
            0.3692818880081177,
            0.39481320977211
        ]
    },
    "GCN_256_4_1": {
        "accs": [
            0.9170796275138855,
            0.9147093892097473,
            0.8960987329483032
        ],
        "loss": [
            0.24428553879261017,
            0.2548734247684479,
            0.333109974861145
        ]
    },
    "GCN_256_8_1": {
        "accs": [
            0.9132832288742065,
            0.9081408977508545,
            0.8949044346809387
        ],
        "loss": [
            0.25677135586738586,
            0.2731517255306244,
            0.3300662338733673
        ]
    },
    "GCN_512_4_1": {
        "accs": [
            0.9258511662483215,
            0.9222730994224548,
            0.8986862897872925
        ],
        "loss": [
            0.22145767509937286,
            0.23041504621505737,
            0.32737669348716736
        ]
    },
    "GCN_64_4_1": {
        "accs": [
            0.8876878023147583,
            0.8866441249847412,
            0.8759952187538147
        ],
        "loss": [
            0.3269411623477936,
            0.3373819887638092,
            0.3762378990650177
        ]
    },
    "GraphSAGE_256_16_1": {
        "accs": [
            0.9941256642341614,
            0.9941281676292419,
            0.9811902642250061
        ],
        "loss": [
            0.024261953309178352,
            0.02245248854160309,
            0.09688319265842438
        ]
    },
    "GraphSAGE_256_2_1": {
        "accs": [
            0.9790001511573792,
            0.9788017272949219,
            0.9675557613372803
        ],
        "loss": [
            0.06729159504175186,
            0.0696614608168602,
            0.11355046927928925
        ]
    },
    "GraphSAGE_256_4_1": {
        "accs": [
            0.9954243898391724,
            0.9955214858055115,
            0.9850716590881348
        ],
        "loss": [
            0.02108016610145569,
            0.022460171952843666,
            0.07790589332580566
        ]
    },
    "GraphSAGE_256_8_1": {
        "accs": [
            0.9956441521644592,
            0.9955214858055115,
            0.9850716590881348
        ],
        "loss": [
            0.01792433112859726,
            0.020292356610298157,
            0.08284441381692886
        ]
    }
}